<Atlas><Texture filename="dycghb_round.tex" /><Elements><Element name="dycghb_round.tex" u1="0" u2="1" v1="0" v2="1" /><Element name="dycghb_round_11.tex" u1="0.000" u2="0.375" v1="0.000" v2="0.375" /><Element name="dycghb_round_12.tex" u1="0.375" u2="0.625" v1="0.000" v2="0.375" /><Element name="dycghb_round_13.tex" u1="0.625" u2="1.000" v1="0.000" v2="0.375" /><Element name="dycghb_round_21.tex" u1="0.000" u2="0.375" v1="0.375" v2="0.625" /><Element name="dycghb_round_22.tex" u1="0.375" u2="0.625" v1="0.375" v2="0.625" /><Element name="dycghb_round_23.tex" u1="0.625" u2="1.000" v1="0.375" v2="0.625" /><Element name="dycghb_round_31.tex" u1="0.000" u2="0.375" v1="0.625" v2="1.000" /><Element name="dycghb_round_32.tex" u1="0.375" u2="0.625" v1="0.625" v2="1.000" /><Element name="dycghb_round_33.tex" u1="0.625" u2="1.000" v1="0.625" v2="1.000" /></Elements></Atlas>