<Atlas><Texture filename="dycghb_shadow.tex" /><Elements><Element name="dycghb_shadow.tex" u1="0.0546875" u2="0.9453125" v1="0.125" v2="0.875" /><Element name="dycghb_shadow_11.tex" u1="0.0546875" u2="0.296875" v1="0.125" v2="0.34375" /><Element name="dycghb_shadow_12.tex" u1="0.296875" u2="0.703125" v1="0.125" v2="0.34375" /><Element name="dycghb_shadow_13.tex" u1="0.703125" u2="0.9453125" v1="0.125" v2="0.34375" /><Element name="dycghb_shadow_21.tex" u1="0.0546875" u2="0.296875" v1="0.34375" v2="0.5625" /><Element name="dycghb_shadow_22.tex" u1="0.296875" u2="0.703125" v1="0.34375" v2="0.5625" /><Element name="dycghb_shadow_23.tex" u1="0.703125" u2="0.9453125" v1="0.34375" v2="0.5625" /><Element name="dycghb_shadow_31.tex" u1="0.0546875" u2="0.296875" v1="0.5625" v2="0.875" /><Element name="dycghb_shadow_32.tex" u1="0.296875" u2="0.703125" v1="0.5625" v2="0.875" /><Element name="dycghb_shadow_33.tex" u1="0.703125" u2="0.9453125" v1="0.5625" v2="0.875" /></Elements></Atlas>