<Atlas><Texture filename="dycghb_victorian_i.tex" /><Elements><Element name="dycghb_victorian_i.tex" u1="0" u2="1" v1="0" v2="1" /><Element name="dycghb_victorian_i_11.tex" u1="0.000000" u2="0.046875" v1="0.0000" v2="0.1875" /><Element name="dycghb_victorian_i_12.tex" u1="0.046875" u2="0.953125" v1="0.0000" v2="0.1875" /><Element name="dycghb_victorian_i_13.tex" u1="0.953125" u2="1.000000" v1="0.0000" v2="0.1875" /><Element name="dycghb_victorian_i_21.tex" u1="0.000000" u2="0.046875" v1="0.1875" v2="0.8125" /><Element name="dycghb_victorian_i_22.tex" u1="0.046875" u2="0.953125" v1="0.1875" v2="0.8125" /><Element name="dycghb_victorian_i_23.tex" u1="0.953125" u2="1.000000" v1="0.1875" v2="0.8125" /><Element name="dycghb_victorian_i_31.tex" u1="0.000000" u2="0.046875" v1="0.8125" v2="1.0000" /><Element name="dycghb_victorian_i_32.tex" u1="0.046875" u2="0.953125" v1="0.8125" v2="1.0000" /><Element name="dycghb_victorian_i_33.tex" u1="0.953125" u2="1.000000" v1="0.8125" v2="1.0000" /></Elements></Atlas>