<Atlas><Texture filename="epichealthbar.tex" />
	<Elements>
		<Element name="frame.tex" u1="0" u2="0.5654296875" v1="0.791015625" v2="1" />
		<Element name="phase.tex" u1="0" u2="0.0087890625" v1="0.6015625" v2="0.65234375" />
		<Element name="meter_fg.tex" u1="0" u2="0.5" v1="0.7421875" v2="0.78125" />
		<Element name="meter_bg.tex" u1="0" u2="0.5" v1="0.69921875" v2="0.73828125" />
		<Element name="meter_bg_alt.tex" u1="0" u2="0.5" v1="0.65625" v2="0.6953125" />
		<Element name="percent.tex" u1="0" u2="0.03125" v1="0.501953125" v2="0.59765625" />
		<Element name="pulse.tex" u1="0.75" u2="1" v1="0" v2="1" />
	</Elements>
</Atlas>